"cars","V2"
"07****X代號1",1
"WY****5代號2",1
"51****J代號3",1
"XN****7代號4",1
"62****V代號5",1
"",630
"6F****6代號7",1
"99****C代號8",1
"PZ****3代號9",1
"37****Y代號10",1
"KE****3代號11",1
"44****8代號12",1
"WY****8代號13",1
"35****F代號14",1
"HF****7代號15",1
"6F****0代號16",1
"08****V代號17",1
"K4****6代號18",1
"09****2代號19",1
"22****E代號20",1
"MP****8代號21",1
"31****U代號22",1
"6F****5代號23",1
"6F****6代號24",1
"6F****2代號25",1
"PZ****2代號26",2
"6F****0代號27",1
"55****V代號28",1
"96****U代號29",1
"56***Q代號30",1
"PZ****3代號31",1
"6F****6代號32",1
"43****P代號33",1
"6F****7代號34",2
"24****S代號35",1
"29****S代號36",1
"5A****6代號37",1
"6F****2代號38",1
"WZ****1代號39",1
"KV****8代號40",1
"6F****6代號41",1
"VQ***5代號42",1
"YK****0代號43",1
"6F****1代號44",1
"23****C代號45",1
"PZ****6代號46",1
"6F****5代號47",1
"62****Y代號48",1
"PH****0代號49",1
"6F****1代號50",2
"05****2代號51",1
"WY****8代號52",1
"6F****0代號53",1
"6F****2代號54",1
"H2****5代號55",1
"36****W代號56",1
"24****S代號57",1
"G3****5代號58",1
"05****C代號59",1
"6F****6代號60",2
"LD****8代號61",1
"98****J代號62",1
"6F****2代號63",1
"VU***2代號64",1
"18****H代號65",1
"6F****9代號66",1
"6F****3代號67",1
"39****6代號68",3
"95****U代號69",1
"26****Q代號70",1
"90****T代號71",1
"WY****6代號72",1
"WY****8代號73",1
"3J****3代號74",1
"12****K代號75",1
"WY****8代號76",1
"6F****1代號77",1
"11****D代號78",1
"11****U代號79",1
"VZ***0代號80",2
"04***J代號81",1
"21****D代號82",1
"WY****5代號83",1
"6F****6代號84",1
"FJ**8代號85",1
"WZ****3代號86",1
"6F****6代號87",1
"P7****1代號88",1
"WZ****6代號89",1
"87****F代號90",1
"6F****7代號91",1
"23****S代號92",1
"WZ****0代號93",1
"95****F代號94",1
"6F****0代號95",1
"51****Z代號96",1
"01****S代號97",1
"22****S代號98",2
"47****E代號99",1
"10****S代號100",1
"WZ****7代號101",1
"13****V代號102",2
"LW****1代號103",1
"5N****7代號104",1
"PZ****2代號105",1
"13****V代號106",1
"WZ****3代號107",1
"6F****3代號108",2
"BY****2代號109",1
"06****X代號110",2
"6F****2代號111",1
"37****U代號112",1
"00****V代號113",1
"07****U代號114",1
"6F****8代號115",1
"6F****3代號116",1
"PZ****7代號117",1
"6F****3代號118",1
"WY****2代號119",1
"41****B代號120",1
"07***5代號121",1
"98****B代號122",1
"06****V代號123",3
"HZ****8代號124",1
"WZ****2代號125",1
"36****T代號126",1
"22****S代號127",1
"09****2代號128",1
"17****F代號129",1
"6F****6代號130",2
"99****J代號131",1
"38****U代號132",1
"55****S代號133",1
"51***Q代號134",1
"3F****8代號135",1
"Z7****6代號136",1
"WZ****2代號137",1
"6F****9代號138",1
"VX***3代號139",1
"18****C代號140",1
"6F****0代號141",1
"94****9代號142",2
"03****2代號143",3
"軍D*****7代號144",1
"PZ****1代號145",1
"12****G代號146",2
"2J****9代號147",1
"WY****1代號148",1
"92****J代號149",1
"05***X代號150",1
"58****D代號151",1
"09****2代號152",1
"TE**3代號153",1
"00****K代號154",1
"CF****1代號155",1
"6F****0代號156",1
"WZ****9代號157",1
"15****S代號158",1
"6F****6代號159",1
"83****J代號160",1
"02***J代號161",1
"WZ****7代號162",1
"87****D代號163",1
"19****V代號164",1
"10****B代號165",1
"58****V代號166",1
"6F****8代號167",1
"87****D代號168",1
"6F****5代號169",1
"WZ****9代號170",1
"6F****7代號171",1
"17****2代號172",1
"PZ****3代號173",1
"29****G代號174",2
"WY****0代號175",1
"WY****1代號176",1
"PZ****5代號177",1
"WZ****0代號178",1
"18****B代號179",1
"6F****5代號180",1
"V2****5代號181",1
"89****U代號182",1
"15***L代號183",2
"18****T代號184",1
"WY****8代號185",1
"PZ****7代號186",1
"55****C代號187",2
"58****T代號188",1
"36****H代號189",1
"92****V代號190",1
"QP****9代號191",1
"23****U代號192",1
"6F****0代號193",1
"80****F代號194",1
"WY****3代號195",1
"31***H代號196",1
"18****S代號197",1
"96****U代號198",2
"6F****6代號199",1
"08****X代號200",1
"DZ****9代號201",1
"3J****8代號202",2
"17****S代號203",1
"WY****3代號204",1
"6F****5代號205",1
"37****W代號206",1
"02****2代號207",1
"59****L代號208",1
"PZ****1代號209",1
"KC****9代號210",1
"3J****5代號211",1
"03****V代號212",1
"72****C代號213",1
"72****V代號214",1
"WY****1代號215",1
"20****S代號216",1
"6F****7代號217",1
"3J****1代號218",1
"31****U代號219",1
"PZ****9代號220",1
"15****J代號221",2
"28****U代號222",1
"02****V代號223",2
"6F****9代號224",2
"06****R代號225",1
"3J****9代號226",1
"93****C代號227",1
"62****C代號228",1
"05****V代號229",1
"21****C代號230",1
"35****U代號231",2
"62****5代號232",1
"PZ****9代號233",2
"WY****5代號234",1
"LQ****2代號235",1
"6F****1代號236",1
"62****J代號237",2
"9E****8代號238",1
"PZ****9代號239",2
"6F****5代號240",1
"EV****9代號241",1
"WY****8代號242",1
"WZ****0代號243",1
"6F****2代號244",1
"32****Q代號245",1
"21****D代號246",1
"6F****8代號247",1
"6F****9代號248",1
"PZ****5代號249",1
"RB****6代號250",1
"10****V代號251",2
"04****X代號252",1
"04****X代號253",2
"18****V代號254",1
"WY****0代號255",1
"WY****2代號256",1
"08****X代號257",1
"PZ****0代號258",2
"97****B代號259",1
"OM****6代號260",1
"83****C代號261",1
"3J****2代號262",1
"39****B代號263",1
"19****V代號264",1
"BC****7代號265",2
"59****C代號266",1
"6F****9代號267",1
"6F****9代號268",1
"29****C代號269",1
"21****S代號270",1
"17****V代號271",1
"17****S代號272",1
"PZ****3代號273",1
"90****E代號274",1
"KC****0代號275",1
"28****E代號276",1
"30****Y代號277",1
"80****K代號278",1
"09****X代號279",1
"PZ****9代號280",1
"WY****8代號281",1
"IW****0代號282",1
"PZ****2代號283",1
"PZ****5代號284",2
"05****B代號285",1
"80****W代號286",1
"9F****7代號287",1
"51****H代號288",1
"MF****8代號289",1
"L7****6代號290",2
"01****V代號291",2
"30****V代號292",1
"PZ****5代號293",1
"WE****0代號294",1
"11****V代號295",1
"WY****2代號296",1
"LP****3代號297",1
"WY****2代號298",1
"6F****0代號299",1
"6F****2代號300",2
"61****A代號301",2
"PZ****2代號302",1
"91****V代號303",1
"HZ****1代號304",1
"PZ****9代號305",1
"6F****1代號306",1
"10****J代號307",1
"6F****1代號308",2
"59***Q代號309",2
"08****7代號310",1
"22****Z代號311",1
"93****M代號312",1
"81****V代號313",1
"97****L代號314",1
"3J****3代號315",1
"52****C代號316",1
"29****F代號317",1
"FT****1代號318",1
"WW****6代號319",1
"PZ****1代號320",1
"6F****5代號321",1
"90****C代號322",1
"5D****8代號323",1
"6F****5代號324",1
"UB****6代號325",1
"9E****1代號326",1
"32****E代號327",1
"17****V代號328",1
"M6****9代號329",1
"WZ****1代號330",1
"6F****7代號331",1
"PZ****2代號332",1
"19****W代號333",1
"H7****8代號334",1
"軍H*****6代號335",1
"WY****8代號336",1
"VU***3代號337",1
"07****2代號338",1
"WZ****2代號339",1
"82****V代號340",1
"70****E代號341",1
"WY****0代號342",1
"83****R代號343",1
"U5****3代號344",1
"16****V代號345",1
"6F****3代號346",1
"92****F代號347",1
"PZ****5代號348",1
"02****A代號349",1
"WY****7代號350",1
"MP****2代號351",1
"6F****8代號352",1
"WZ****2代號353",1
"6F****6代號354",2
"87****D代號355",1
"05***L代號356",1
"WY****9代號357",1
"6F****2代號358",1
"J8****0代號359",1
"08****X代號360",1
"40****7代號361",1
"6F****9代號362",1
"18****F代號363",1
"31****D代號364",2
"WY****1代號365",1
"93****E代號366",1
"55****E代號367",1
"R9****8代號368",1
"11***L代號369",1
"14****S代號370",1
"6F****8代號371",1
"PZ****0代號372",1
"39****6代號373",1
"08***J代號374",2
"2C****0代號375",1
"H9****0代號376",1
"58****U代號377",1
"93****D代號378",1
"C3****6代號379",1
"09****V代號380",1
"28****F代號381",1
"6F****2代號382",1
"6F****8代號383",1
"31****K代號384",1
"07***5代號385",2
"01****Z代號386",1
"98****C代號387",1
"WZ****9代號388",1
"6F****2代號389",1
"30****V代號390",1
"WY****6代號391",1
"08****2代號392",1
"6F****2代號393",2
"58****E代號394",1
"IC****3代號395",3
"WY****0代號396",1
"6F****0代號397",1
"17****E代號398",1
"15****V代號399",1
"6F****2代號400",1
"57****B代號401",1
"39****6代號402",1
"97****E代號403",1
"H8****0代號404",1
"73****K代號405",2
"A9****7代號406",1
"C6****9代號407",1
"WY****6代號408",1
"79****E代號409",1
"01****2代號410",1
"6F****2代號411",1
"PZ****0代號412",1
"31****G代號413",2
"軍C*****9代號414",2
"91****T代號415",1
"PZ****2代號416",1
"WY****0代號417",1
"01****7代號418",1
"P8****8代號419",1
"軍B*****1代號420",1
"ZS****7代號421",1
"68****V代號422",1
"WY****7代號423",2
"05****V代號424",1
"PZ****8代號425",1
"91****G代號426",1
"20****2代號427",1
"85****F代號428",1
"WY****6代號429",1
"PZ****2代號430",1
"PZ****3代號431",1
"VX***9代號432",2
"HX****3代號433",1
"2B****8代號434",1
"WY****2代號435",1
"28****D代號436",1
"WZ****6代號437",1
"86****J代號438",1
"02****7代號439",1
"G8****6代號440",1
"08****B代號441",1
"6F****8代號442",1
"03***X代號443",1
"07****7代號444",1
"11****M代號445",1
"KZ****7代號446",1
"XY****5代號447",1
"29****J代號448",1
"09****7代號449",1
"6F****0代號450",1
"81****U代號451",1
"57****X代號452",1
"03****X代號453",1
"6F****7代號454",1
"3J****5代號455",1
"43****D代號456",1
"DX****0代號457",1
"MO****3代號458",1
"PZ****2代號459",1
"92****N代號460",1
"98****X代號461",1
"23****W代號462",1
"WY****8代號463",1
"51***Q代號464",1
"WZ****5代號465",1
"18****V代號466",1
"WZ****9代號467",1
"01****V代號468",1
"PZ****7代號469",1
"03****V代號470",1
"04***J代號471",1
"66***W代號472",1
"90****V代號473",1
"18****K代號474",1
"13***X代號475",1
"6F****5代號476",1
"19****U代號477",1
"25****E代號478",1
"10****U代號479",1
"PZ****6代號480",1
"MM****2代號481",1
"WY****2代號482",1
"6F****6代號483",1
"YI****0代號484",1
"VX***2代號485",1
"26****V代號486",1
"M5****3代號487",1
"28****W代號488",1
"40****F代號489",1
"SX****3代號490",1
"6F****0代號491",1
"WZ****1代號492",1
"97****J代號493",1
"XO****5代號494",1
"WY****2代號495",1
"PU****2代號496",1
"ED****8代號497",1
"63****Z代號498",1
"56***Q代號499",2
"3J****1代號500",1
"25****E代號501",1
"6F****2代號502",2
"28****T代號503",1
"TW****8代號504",1
"23****U代號505",1
"92****T代號506",1
"27****F代號507",2
"16****D代號508",1
"3H****3代號509",2
"WZ****1代號510",1
"9D****9代號511",1
"6F****8代號512",1
"6F****1代號513",2
"63****E代號514",1
"6F****8代號515",1
"09***5代號516",2
"GL****0代號517",1
"02****V代號518",1
"ZG****1代號519",1
"LR****8代號520",1
"67****K代號521",1
"OO****6代號522",1
"F2****9代號523",1
"97****T代號524",1
"PZ****2代號525",1
"6F****0代號526",1
"25****S代號527",1
"08****2代號528",1
"IX****0代號529",1
"VX***7代號530",1
"Q2****8代號531",1
"78****K代號532",1
"PZ****6代號533",1
"02***5代號534",1
"88****D代號535",1
"LI****8代號536",2
"WW****3代號537",1
"87****A代號538",1
"08****V代號539",1
"00***L代號540",1
"85****E代號541",3
"55****K代號542",1
"VU***7代號543",1
"38****D代號544",1
"6F****8代號545",1
"6F****1代號546",1
"37****8代號547",3
"15***L代號548",2
"25****S代號549",1
"02****7代號550",1
"51****D代號551",1
"17****S代號552",1
"WY****3代號553",1
"38****B代號554",1
"25****S代號555",1
"78****T代號556",1
"54***Q代號557",1
"76****F代號558",1
"39****T代號559",1
"6F****3代號560",1
"29****S代號561",1
"13****T代號562",1
"66****T代號563",1
"WY****0代號564",1
"WZ****3代號565",1
"3J****5代號566",1
"PZ****9代號567",1
"M7****3代號568",1
"61****C代號569",1
"81****C代號570",1
"3J****3代號571",1
"07****G代號572",1
"23****S代號573",1
"71****W代號574",1
"51****Z代號575",1
"09****V代號576",1
"RY****8代號577",1
"91****V代號578",1
"46****J代號579",1
"PZ****8代號580",2
"37****L代號581",1
"6F****3代號582",1
"57****T代號583",1
"93****V代號584",1
"JM****1代號585",1
"WY****7代號586",1
"59****F代號587",1
"AA****1代號588",1
"31****G代號589",1
"D8****8代號590",1
"AZ****2代號591",1
"00****T代號592",1
"WY****0代號593",1
"6F****6代號594",1
"PZ****2代號595",1
"04****2代號596",1
"6F****0代號597",1
"53****D代號598",1
"6F****2代號599",1
"25****S代號600",1
"DB****0代號601",1
"NO****5代號602",1
"WK****6代號603",1
"02****2代號604",1
"17****V代號605",1
"99****J代號606",1
"3C****8代號607",1
"3J****5代號608",1
"19****V代號609",1
"5L****1代號610",1
"VQ***5代號611",2
"77****U代號612",1
"05****W代號613",1
"60****D代號614",1
"PZ****6代號615",1
"M9****3代號616",1
"MF****0代號617",1
"WZ****3代號618",1
"19****V代號619",1
"09****V代號620",1
"PZ****9代號621",1
"6F****1代號622",1
"12****Y代號623",1
"03***L代號624",1
"78****C代號625",1
"32***H代號626",1
"09****6代號627",1
"PZ****1代號628",1
"27****J代號629",1
"WY****9代號630",1
"VP****5代號631",1
"AO****3代號632",1
"PZ****2代號633",1
"6F****1代號634",1
"14****S代號635",1
"CH****0代號636",1
"71****V代號637",1
"03****V代號638",1
"67****J代號639",1
"WY****5代號640",1
"GU****7代號641",1
"98****D代號642",1
"19****U代號643",1
"T6****8代號644",1
"WZ****5代號645",1
"87****T代號646",1
"PZ****6代號647",1
"6F****6代號648",1
"PZ****9代號649",1
"05****V代號650",1
"46****A代號651",1
"05****X代號652",1
"WZ****7代號653",1
"10***5代號654",2
"85****U代號655",1
"47****D代號656",1
"23****U代號657",1
"3J****0代號658",1
"11****V代號659",1
"22****H代號660",1
"77****T代號661",1
"FD****6代號662",1
"8H****3代號663",1
"JZ****9代號664",1
"PZ****7代號665",1
"02****9代號666",1
"20****B代號667",1
"軍C*****5代號668",1
"22****L代號669",1
"23****N代號670",1
"WZ****8代號671",1
"09***L代號672",1
"VU***7代號673",1
"33****C代號674",1
"6F****6代號675",1
"WY****2代號676",1
"09****S代號677",1
"54****G代號678",1
"MC****8代號679",1
"WZ****2代號680",1
"52****W代號681",1
"10****E代號682",1
"91****D代號683",1
"PZ****2代號684",1
"WZ****2代號685",1
"65****C代號686",1
"6F****6代號687",1
"16****V代號688",1
"M8****5代號689",1
"87****D代號690",1
"19****S代號691",1
"MN****7代號692",1
"EQ****5代號693",1
"44****D代號694",1
"03***L代號695",1
"WY****6代號696",1
"16****A代號697",2
"53****H代號698",1
"06****V代號699",1
"29****C代號700",1
"PZ****1代號701",2
"16****Y代號702",2
"76****D代號703",1
"K2****5代號704",1
"80****V代號705",1
"53****D代號706",2
"PZ****3代號707",1
"10****V代號708",1
"16****B代號709",1
"06***W代號710",1
"61****F代號711",1
"AY****7代號712",1
"95****Z代號713",1
"63****P代號714",1
"08****U代號715",1
"PZ****0代號716",1
"6F****7代號717",1
"PZ****6代號718",1
"B3****6代號719",1
"03****7代號720",1
"PZ****3代號721",1
"43****E代號722",1
"T6****9代號723",1
"14****V代號724",1
"15****F代號725",1
"90****D代號726",1
"06****V代號727",1
"PZ****2代號728",1
"VU***3代號729",1
"PZ****9代號730",1
"50****F代號731",1
"6F****7代號732",1
"03****X代號733",1
"6F****9代號734",1
"KA****3代號735",1
"PK****6代號736",1
"23****S代號737",1
"6F****0代號738",1
"AR****2代號739",1
"43****8代號740",1
"69****C代號741",1
"WZ****9代號742",1
"33****F代號743",2
"OD****8代號744",1
"56****J代號745",1
"P5****0代號746",1
"63****U代號747",1
"6M****7代號748",1
"WY****2代號749",1
"57****U代號750",1
"PZ****3代號751",1
"95****U代號752",1
"VU***7代號753",1
"WY****8代號754",2
"69****V代號755",1
"PZ****2代號756",1
"30****E代號757",1
"85****U代號758",1
"60****F代號759",1
"58****W代號760",1
"6P****8代號761",1
"31***H代號762",1
"21****K代號763",1
"03****F代號764",1
"6F****5代號765",1
"WZ****0代號766",1
"NE****3代號767",1
"97****U代號768",1
"07***J代號769",2
"WY****2代號770",2
"50****C代號771",1
"WY****6代號772",1
"95****T代號773",1
"86****F代號774",1
"PZ****8代號775",2
"8S****9代號776",1
"OL****5代號777",1
"PZ****5代號778",1
"WY****9代號779",1
"LB****0代號780",1
"78****V代號781",2
"6F****7代號782",3
"04****7代號783",2
"61****A代號784",1
"00***J代號785",1
"09***5代號786",2
"08****R代號787",1
"WY****3代號788",1
"3J****1代號789",1
"27****W代號790",1
"PZ****6代號791",2
"WY****9代號792",1
"6F****9代號793",1
"84***G代號794",1
"XZ****3代號795",1
"PZ****6代號796",1
"WY****7代號797",1
"07****X代號798",1
"6F****0代號799",1
"3J****3代號800",1
"73****F代號801",2
"63****D代號802",1
"60****J代號803",1
"PZ****2代號804",1
"66****V代號805",1
"95****J代號806",2
"7E****0代號807",2
"37****C代號808",1
"WZ****2代號809",1
"31****F代號810",1
"47****E代號811",1
"09****V代號812",1
"WZ****2代號813",1
"WY****1代號814",1
"6F****2代號815",1
"25****E代號816",1
"10****B代號817",1
"68****S代號818",2
"OC****7代號819",1
"29****S代號820",1
"85****F代號821",1
"97****D代號822",1
"53****F代號823",2
"38****F代號824",1
"90****T代號825",2
"03****E代號826",1
"51****3代號827",1
"3J****0代號828",1
"80****K代號829",1
"04****X代號830",1
"50****F代號831",1
"VJ****7代號832",1
"PZ****1代號833",1
"06****J代號834",1
"BI****9代號835",1
"26****S代號836",1
"XI****9代號837",1
"09****2代號838",1
"33****F代號839",1
"90****D代號840",1
"25****G代號841",1
"NF****9代號842",1
"32****B代號843",1
"10****F代號844",1
"12****U代號845",1
"72****K代號846",1
"WZ****1代號847",1
"WZ****8代號848",1
"16****A代號849",1
"WY****1代號850",1
"H5****0代號851",1
"WY****1代號852",1
"95****J代號853",1
"25****V代號854",1
"34****S代號855",1
"J3****1代號856",1
"39****C代號857",1
"6F****5代號858",1
"65****T代號859",1
"YL****2代號860",1
"98****F代號861",1
"03****Z代號862",1
"96****C代號863",1
"70****F代號864",1
"09****9代號865",1
"18****D代號866",1
"PZ****6代號867",1
"WZ****5代號868",1
"WY****3代號869",1
"03****2代號870",1
"29****D代號871",1
"39****6代號872",1
"52****F代號873",1
"71****U代號874",3
"01****V代號875",1
"WY****8代號876",1
"M2****3代號877",1
"6F****3代號878",1
"73****K代號879",1
"83****E代號880",1
"CK****1代號881",1
"YD****1代號882",1
"77****V代號883",1
"02****G代號884",1
"21****S代號885",1
"PZ****7代號886",1
"6F****8代號887",1
"23****D代號888",1
"01****F代號889",1
"90****J代號890",1
"6F****5代號891",1
"06****X代號892",1
"6F****5代號893",1
"HR****9代號894",1
"77****M代號895",1
"14****S代號896",1
"00****F代號897",1
"37****E代號898",1
"80****T代號899",1
"PZ****1代號900",1
"6F****6代號901",1
"57****F代號902",1
"WZ****3代號903",1
"6F****3代號904",1
"81****F代號905",1
"06****2代號906",1
"51****F代號907",1
"WY****3代號908",1
"39****6代號909",1
"88****K代號910",1
"5G****8代號911",1
"PZ****6代號912",1
"81****X代號913",2
"12****V代號914",1
"10****F代號915",1
"5F****5代號916",1
"09****X代號917",1
"3J****1代號918",1
"PZ****9代號919",1
"A2****5代號920",1
"39****E代號921",2
"WY****5代號922",1
"93****K代號923",1
"WZ****8代號924",1
"PZ****5代號925",1
"6F****1代號926",1
"PZ****3代號927",1
"80****F代號928",2
"6F****6代號929",2
"32****W代號930",1
"09****F代號931",1
"29****D代號932",1
"66****T代號933",1
"25****U代號934",1
"10****T代號935",2
"PZ****6代號936",1
"AV****1代號937",1
"29****T代號938",1
"11***N代號939",2
"PZ****2代號940",1
"09****W代號941",1
"6F****2代號942",1
"WY****2代號943",1
"15****B代號944",1
"6F****8代號945",1
"09***X代號946",1
"38****U代號947",1
"PZ****0代號948",1
"PZ****3代號949",1
"60****C代號950",1
"80****D代號951",1
"15****U代號952",1
"軍E*****9代號953",1
"79****U代號954",1
"6F****3代號955",1
"18****V代號956",1
"22****G代號957",1
"6F****3代號958",1
"3J****3代號959",1
"29****S代號960",1
"WZ****8代號961",1
"WW****3代號962",1
"02****F代號963",1
"87****C代號964",1
"04***L代號965",1
"08****X代號966",1
"PZ****6代號967",1
"6F****5代號968",1
"06****X代號969",1
"WZ****6代號970",1
"26****C代號971",1
"AN****7代號972",1
"32****U代號973",1
"47****W代號974",1
"6F****7代號975",1
"01****2代號976",1
"D2****6代號977",1
"05****F代號978",1
"WY****2代號979",1
"06****J代號980",1
"46****7代號981",1
"30****F代號982",1
"07****V代號983",1
"03****2代號984",1
"88****V代號985",2
"18****3代號986",1
"29****E代號987",1
"PZ****0代號988",1
"6F****2代號989",1
"6F****9代號990",1
"6F****3代號991",1
"WY****9代號992",1
"PZ****1代號993",1
"52****U代號994",1
"77****E代號995",1
"6F****3代號996",1
"22****S代號997",1
"63****V代號998",1
"30****E代號999",1
"33****9代號1000",1
"28****3代號1001",1
"PZ****5代號1002",1
"H8****9代號1003",1
"PZ****5代號1004",1
"WY****2代號1005",1
"PZ****2代號1006",1
"60****T代號1007",1
"PZ****0代號1008",1
"15****Z代號1009",1
"PZ****8代號1010",1
"6F****2代號1011",1
"WY****3代號1012",1
"RX****5代號1013",1
"BU****3代號1014",1
"61****F代號1015",2
"PZ****8代號1016",1
"6F****1代號1017",1
"PZ****3代號1018",1
"42****6代號1019",2
"3J****1代號1020",1
"02****X代號1021",1
"26****V代號1022",1
"28****T代號1023",1
"77****D代號1024",1
"M5****7代號1025",1
"PZ****7代號1026",1
"62****Y代號1027",1
"10****S代號1028",1
"WY****0代號1029",1
"01****G代號1030",1
"99****K代號1031",1
"J8****5代號1032",1
"19****V代號1033",1
"08****F代號1034",1
"75****F代號1035",1
"HE****7代號1036",1
"6F****0代號1037",1
"14****V代號1038",1
"66****D代號1039",1
"73****C代號1040",2
"67****K代號1041",1
"86****V代號1042",2
"75****F代號1043",2
"71****F代號1044",1
"ZY****0代號1045",1
"09****U代號1046",1
"07****T代號1047",1
"52****F代號1048",1
"23****V代號1049",1
"39****V代號1050",1
"3T****0代號1051",1
"6F****6代號1052",1
"86****F代號1053",1
"6F****8代號1054",1
"30****E代號1055",2
"01***5代號1056",1
"WZ****7代號1057",1
"69****E代號1058",1
"01****X代號1059",1
"96****P代號1060",1
"6F****3代號1061",1
"PZ****3代號1062",1
"WZ****2代號1063",1
"12****5代號1064",1
"08****X代號1065",1
"30***H代號1066",3
"09****X代號1067",1
"6F****0代號1068",1
"80****U代號1069",1
"21****D代號1070",1
"PZ****3代號1071",1
"6F****9代號1072",1
"39****6代號1073",1
"6F****0代號1074",1
"18****V代號1075",1
"52****U代號1076",1
"PZ****1代號1077",1
"3J****8代號1078",1
"57****E代號1079",1
"96****V代號1080",1
"99****C代號1081",1
"15****A代號1082",1
"03****X代號1083",1
"PZ****7代號1084",1
"01****V代號1085",1
"82****L代號1086",1
"55****F代號1087",1
"31****Y代號1088",1
"6F****7代號1089",1
"01****B代號1090",1
"TY****7代號1091",1
"78****W代號1092",1
"2J****3代號1093",1
"6F****2代號1094",1
"72****A代號1095",1
"14****S代號1096",1
"04****7代號1097",1
"CB****7代號1098",1
"WZ****0代號1099",1
"05****7代號1100",1
"06****G代號1101",2
"6F****9代號1102",1
"73****G代號1103",2
"43****P代號1104",1
"14***J代號1105",1
"68****H代號1106",1
"EU****7代號1107",1
"73****E代號1108",1
"V3****0代號1109",1
"16***J代號1110",1
"15****C代號1111",1
"30****T代號1112",1
"3J****9代號1113",1
"24****S代號1114",1
"6F****1代號1115",1
"PZ****9代號1116",1
"15****V代號1117",2
"6F****2代號1118",1
"L6****3代號1119",1
"72****D代號1120",2
"WY****3代號1121",1
"39****F代號1122",1
"02****X代號1123",1
"3J****5代號1124",1
"39****E代號1125",1
"71****X代號1126",1
"04****X代號1127",1
"PZ****6代號1128",1
"10****S代號1129",1
"06****X代號1130",1
"6F****6代號1131",1
"PZ****3代號1132",1
"33****G代號1133",1
"9F****1代號1134",1
"20****S代號1135",2
"06****X代號1136",1
"00****V代號1137",1
"82****H代號1138",1
"V2***3代號1139",1
"44****M代號1140",1
"28****F代號1141",1
"6F****7代號1142",1
"23****W代號1143",1
"75****D代號1144",1
"AA*****0代號1145",1
"8A****5代號1146",1
"59****T代號1147",1
"6F****7代號1148",1
"6F****5代號1149",1
"66****B代號1150",1
"6F****1代號1151",1
"85****E代號1152",1
"09****2代號1153",2
"76****K代號1154",2
"6F****0代號1155",1
"WY****9代號1156",1
"87****C代號1157",1
"WY****7代號1158",1
"WZ****5代號1159",1
"65****K代號1160",1
"81****B代號1161",1
"6F****6代號1162",1
"31****U代號1163",1
"21****V代號1164",1
"41****B代號1165",1
"WZ****6代號1166",1
"08****7代號1167",1
"12***U代號1168",1
"09****X代號1169",1
"85****F代號1170",1
"U4****6代號1171",1
"3J****6代號1172",1
"52****F代號1173",1
"DS****9代號1174",1
"28****S代號1175",1
"52****V代號1176",1
"70****N代號1177",1
"6F****2代號1178",1
"6F****9代號1179",1
"91****8代號1180",1
"12****V代號1181",1
"6F****6代號1182",1
"D9****1代號1183",1
"99****D代號1184",1
"41****7代號1185",1
"DJ****6代號1186",1
"WZ****6代號1187",1
"75****K代號1188",1
"6F****8代號1189",1
"17****V代號1190",2
"28****D代號1191",1
"PZ****7代號1192",1
"30****U代號1193",1
"03****2代號1194",1
"PZ****3代號1195",1
"VU***7代號1196",2
"12***5代號1197",3
"PZ****0代號1198",1
"01****X代號1199",1
"27****G代號1200",1
"01****X代號1201",2
"6F****0代號1202",1
"70****V代號1203",1
"63****C代號1204",1
"23****C代號1205",1
"NO****5代號1206",1
"8H****8代號1207",1
"WY****9代號1208",1
"67****W代號1209",1
"CW****7代號1210",2
"09****S代號1211",1
"19****S代號1212",1
"03****7代號1213",1
"12****T代號1214",1
"35****D代號1215",1
"6F****5代號1216",1
"07****V代號1217",1
"WY****8代號1218",1
"74****Y代號1219",1
"WY****9代號1220",1
"05****X代號1221",1
"49****B代號1222",1
"WY****0代號1223",1
"6F****7代號1224",1
"DZ****0代號1225",1
"6F****1代號1226",1
"04****7代號1227",1
"WY****8代號1228",1
"39****R代號1229",1
"78****F代號1230",2
"PZ****3代號1231",1
"6F****7代號1232",1
"27****F代號1233",1
"VU***9代號1234",1
"VV***0代號1235",1
"3J****0代號1236",1
"05****X代號1237",1
"6F****0代號1238",1
"05****X代號1239",1
"05****D代號1240",1
"6D****8代號1241",1
"6F****7代號1242",1
"59****L代號1243",1
"39****L代號1244",1
"74****F代號1245",1
"28****J代號1246",1
"05****2代號1247",1
"02****N代號1248",1
"5F****1代號1249",1
"55****B代號1250",1
"PZ****8代號1251",1
"WZ****6代號1252",1
"51****F代號1253",1
"6F****6代號1254",1
"WZ****1代號1255",1
"WY****6代號1256",1
"31****C代號1257",1
"BF****8代號1258",1
"80****N代號1259",1
"3J****2代號1260",1
"6F****9代號1261",1
"68****T代號1262",1
"WZ****0代號1263",1
"PZ****2代號1264",1
"83****C代號1265",1
"WZ****3代號1266",1
"35****N代號1267",1
"05****X代號1268",1
"29****S代號1269",1
"PZ****8代號1270",1
"NY****6代號1271",1
"72****B代號1272",1
"32****L代號1273",1
"07****2代號1274",1
"31****T代號1275",1
"JS****5代號1276",1
"29****G代號1277",2
"36****Y代號1278",1
"05****V代號1279",1
"3A****3代號1280",1
"69****P代號1281",1
"06****B代號1282",1
"68****V代號1283",1
"WZ****1代號1284",2
"86****V代號1285",1
"6F****3代號1286",1
"9J****5代號1287",2
"45****G代號1288",1
"69****V代號1289",1
"03****7代號1290",1
"QR****2代號1291",1
"5T****0代號1292",1
"04****V代號1293",1
"35****3代號1294",1
"09****2代號1295",1
"WZ****0代號1296",1
"9C****1代號1297",1
"VX***1代號1298",1
"31****Z代號1299",1
"73****A代號1300",1
"05****X代號1301",1
"3H****3代號1302",1
"04****2代號1303",1
"AA*****8代號1304",2
"17****D代號1305",1
"6F****8代號1306",1
"AA*****1代號1307",1
"20****C代號1308",1
"6F****5代號1309",1
"20****T代號1310",1
"19***L代號1311",1
"01****H代號1312",1
"99****W代號1313",1
"08****2代號1314",1
"G2****5代號1315",1
"60****D代號1316",1
"6F****3代號1317",1
"87****T代號1318",2
"19****G代號1319",1
"10****T代號1320",1
"57***Q代號1321",1
"31****P代號1322",1
"3J****9代號1323",1
"65****7代號1324",1
"70****V代號1325",1
"6F****8代號1326",1
"15****U代號1327",1
"HM****2代號1328",1
"19****F代號1329",1
"3P****2代號1330",1
"74****N代號1331",1
"27****C代號1332",1
"6F****5代號1333",1
"15****V代號1334",1
"WW****2代號1335",1
"87****F代號1336",2
"PZ****2代號1337",1
"25****S代號1338",2
"10****U代號1339",1
"80****V代號1340",1
"08****7代號1341",1
"52****G代號1342",1
"6F****8代號1343",1
"63****F代號1344",1
"97****W代號1345",1
"25****C代號1346",1
"WY****7代號1347",1
"10****V代號1348",1
"10****V代號1349",1
"26****F代號1350",1
"8F****6代號1351",1
"38****K代號1352",1
"02****7代號1353",1
"30****D代號1354",1
"6F****0代號1355",1
"17****V代號1356",1
"52****D代號1357",1
"EV****6代號1358",1
"YF****3代號1359",1
"PZ****6代號1360",1
"12****V代號1361",1
"03****7代號1362",1
"20****S代號1363",1
"99****X代號1364",1
"02****C代號1365",1
"69****J代號1366",1
"VX***0代號1367",1
"6B****5代號1368",1
"85****F代號1369",1
"03****2代號1370",2
"WY****7代號1371",1
"NC****8代號1372",1
"11****U代號1373",2
"WY****7代號1374",1
"NR****8代號1375",1
"6F****9代號1376",1
"97****T代號1377",1
"01***R代號1378",1
"50****V代號1379",1
"06***5代號1380",2
"WZ****7代號1381",1
"51****C代號1382",1
"PZ****7代號1383",1
"98****K代號1384",1
"ZN****7代號1385",1
"6F****3代號1386",1
"59****T代號1387",1
"22****3代號1388",1
"AA*****8代號1389",1
"6F****6代號1390",1
"6F****8代號1391",1
"08****V代號1392",1
"00****F代號1393",1
"22****G代號1394",1
"72****A代號1395",1
"79****E代號1396",1
"28****K代號1397",1
"01****G代號1398",1
"32****G代號1399",1
"XP****7代號1400",1
"18****V代號1401",1
"49****A代號1402",1
"23****S代號1403",2
"26****S代號1404",1
"PZ****3代號1405",1
"WY****6代號1406",2
"6F****3代號1407",1
"6F****1代號1408",1
"14****V代號1409",1
"AA*****8代號1410",1
"97****C代號1411",1
"6F****5代號1412",1
"22****B代號1413",1
"YN****5代號1414",1
"45****T代號1415",1
"WZ****3代號1416",1
"37****J代號1417",1
"57***Q代號1418",1
"6F****0代號1419",1
"55***Q代號1420",1
"71****D代號1421",1
"63****C代號1422",1
"軍E*****1代號1423",1
"WY****1代號1424",1
"75****V代號1425",1
"DH****6代號1426",1
"52****E代號1427",1
"6F****7代號1428",1
"WY****8代號1429",1
"03****X代號1430",1
"5B****5代號1431",1
"6F****8代號1432",1
"06****X代號1433",1
"20****E代號1434",2
"85****J代號1435",1
"5H****0代號1436",1
"76****F代號1437",1
"WY****3代號1438",1
"02****X代號1439",1
"80****C代號1440",1
"2H****1代號1441",1
"00****J代號1442",1
"Q2****6代號1443",1
"11****S代號1444",1
"51****W代號1445",1
"6F****7代號1446",1
"PZ****8代號1447",1
"56****E代號1448",1
"22****S代號1449",1
"30****U代號1450",1
"85****Q代號1451",1
"25***H代號1452",1
"00****V代號1453",1
"7J****6代號1454",1
"WY****7代號1455",1
"3J****2代號1456",2
"19****6代號1457",1
"77****C代號1458",1
"VX***9代號1459",1
"WY****5代號1460",1
"20****S代號1461",1
"K3****1代號1462",1
"53****T代號1463",1
"33****K代號1464",1
"3J****7代號1465",1
"6F****8代號1466",1
"NL****8代號1467",1
"92****V代號1468",1
"WY****0代號1469",1
"96****V代號1470",1
"06****V代號1471",1
"AD*****1代號1472",1
"59****5代號1473",1
"59****D代號1474",1
"27****C代號1475",1
"97****7代號1476",1
"93****E代號1477",1
"23****S代號1478",1
"08****F代號1479",1
"6F****0代號1480",1
"52****A代號1481",1
"3J****9代號1482",1
"65****F代號1483",1
"WY****3代號1484",1
"6F****9代號1485",2
"L3****5代號1486",1
"16****J代號1487",1
"6F****9代號1488",1
"86****F代號1489",1
"WY****8代號1490",1
"6F****1代號1491",2
"AA*****0代號1492",1
"33****V代號1493",1
"53****U代號1494",1
"PZ****9代號1495",1
"11****G代號1496",1
"27****F代號1497",1
"6F****6代號1498",1
"21****S代號1499",1
"GD****7代號1500",1
"6F****1代號1501",1
"TR****1代號1502",1
"18****S代號1503",1
"PZ****9代號1504",1
"58****G代號1505",1
"WY****2代號1506",1
"52****B代號1507",1
"66****Z代號1508",1
"PZ****1代號1509",1
"WZ****0代號1510",1
"90****T代號1511",1
"WZ****5代號1512",1
"AD*****5代號1513",1
"6F****5代號1514",1
"L2****8代號1515",2
"6F****3代號1516",1
"BP****1代號1517",1
"WZ****0代號1518",1
"SB****8代號1519",1
"22****G代號1520",1
"WY****2代號1521",1
"05****V代號1522",1
"WZ****7代號1523",1
"PZ****8代號1524",1
"6F****6代號1525",2
"WY****2代號1526",1
"AA*****3代號1527",1
"2J****5代號1528",3
"08****7代號1529",1
"6F****2代號1530",1
"86***G代號1531",1
"AA*****0代號1532",1
"01****C代號1533",1
"CL****8代號1534",1
"63****B代號1535",1
"CO****0代號1536",2
"76****F代號1537",1
"AA*****7代號1538",1
"5J****0代號1539",1
"15****V代號1540",1
"7F****0代號1541",1
"09****F代號1542",1
"3Q****7代號1543",1
"B8****6代號1544",1
"PZ****1代號1545",1
"WY****8代號1546",1
"Q7****2代號1547",1
"CK****9代號1548",1
"KW****5代號1549",1
"6F****0代號1550",1
"58****D代號1551",1
"12****V代號1552",1
"MQ****3代號1553",1
"02****2代號1554",1
"07****U代號1555",1
"WZ****1代號1556",1
"WY****2代號1557",1
"J9****1代號1558",1
"6F****8代號1559",1
"WZ****7代號1560",1
"WY****3代號1561",1
"55****W代號1562",1
"05****A代號1563",1
"03****V代號1564",1
"73****D代號1565",1
"WY****1代號1566",1
"DY****0代號1567",1
"HU****1代號1568",1
"71****G代號1569",1
"10****L代號1570",1
"6F****3代號1571",1
"6F****2代號1572",1
"MF****7代號1573",1
"59****C代號1574",1
"01****7代號1575",1
"A2***6代號1576",1
"WY****7代號1577",1
"79****F代號1578",1
"34****5代號1579",1
"28****F代號1580",1
"VQ***0代號1581",1
"WZ****0代號1582",1
"56****8代號1583",1
"81****K代號1584",1
"AD*****0代號1585",1
"77****C代號1586",1
"PZ****2代號1587",1
"WY****8代號1588",1
"13****V代號1589",1
"PZ****5代號1590",1
"92****P代號1591",1
"12****S代號1592",2
"WZ****2代號1593",2
"06****U代號1594",1
"25****G代號1595",1
"06****X代號1596",1
"PZ****1代號1597",1
"9D****5代號1598",1
"98****L代號1599",1
"22****M代號1600",1
"VU***3代號1601",2
"06****X代號1602",1
"6F****1代號1603",1
"71****X代號1604",2
"MX****2代號1605",1
"WY****5代號1606",1
"6F****3代號1607",1
"AA*****8代號1608",1
"6F****0代號1609",2
"52****G代號1610",1
"WY****6代號1611",1
"FM****0代號1612",1
"52****M代號1613",1
"CL****8代號1614",1
"6F****2代號1615",1
"CB****3代號1616",1
"32****V代號1617",2
"13****B代號1618",1
"LA****3代號1619",1
"RA*****2代號1620",1
"OM****1代號1621",1
"HL****2代號1622",1
"39****6代號1623",1
"RA*****7代號1624",1
"6F****7代號1625",1
"WY****2代號1626",1
"AC*****0代號1627",1
"07****X代號1628",1
"UO****5代號1629",2
"PZ****9代號1630",1
"89***U代號1631",1
"75****E代號1632",1
"18****V代號1633",1
"PZ****8代號1634",1
"M9****0代號1635",1
"02***R代號1636",2
"00****V代號1637",1
"03****F代號1638",1
"10****S代號1639",1
"6F****0代號1640",1
"17****U代號1641",1
"PZ****0代號1642",2
"DC****8代號1643",1
"WY****6代號1644",1
"71****T代號1645",1
"02***X代號1646",1
"WY****7代號1647",1
"63****J代號1648",1
"6F****8代號1649",1
"03****E代號1650",1
"CX****0代號1651",1
"WY****1代號1652",1
"WZ****1代號1653",1
"WY****2代號1654",1
"81****V代號1655",1
"AA*****0代號1656",1
"51****B代號1657",1
"6F****6代號1658",1
"AA*****0代號1659",1
"CE****8代號1660",1
"74****F代號1661",1
"94****W代號1662",1
"BM****7代號1663",1
"17***K代號1664",1
"6F****8代號1665",1
"01****K代號1666",1
"PZ****2代號1667",1
"26****E代號1668",1
"02****7代號1669",1
"89****C代號1670",1
"10****V代號1671",2
"6F****8代號1672",1
"75****C代號1673",1
"6F****7代號1674",1
"41****A代號1675",1
"00****W代號1676",1
"07****X代號1677",1
"38****V代號1678",1
"02****7代號1679",1
"38****G代號1680",2
"15****D代號1681",1
"92****U代號1682",1
"6N****5代號1683",1
"AA*****6代號1684",1
"EU****9代號1685",1
"CS****5代號1686",1
"6F****2代號1687",1
"ZS****3代號1688",1
"WI****8代號1689",1
"WY****0代號1690",1
"89****J代號1691",1
"18****S代號1692",1
"3J****6代號1693",1
"PM****1代號1694",1
"15****S代號1695",1
"01***R代號1696",1
"95****E代號1697",1
"36****A代號1698",2
"WY****5代號1699",1
"09****X代號1700",1
"55****T代號1701",1
"K9****0代號1702",2
"LU****7代號1703",1
"3J****8代號1704",1
"13****7代號1705",1
"AA*****6代號1706",1
"6F****8代號1707",1
"88****G代號1708",1
"00***5代號1709",1
"49****T代號1710",1
"18****C代號1711",1
"39****L代號1712",1
"60****9代號1713",1
"92****E代號1714",1
"37****V代號1715",1
"41****C代號1716",1
"93****E代號1717",1
"37****F代號1718",1
"05****2代號1719",1
"2S****6代號1720",1
"79****V代號1721",1
"01****X代號1722",1
"WY****9代號1723",1
"YF****2代號1724",1
"WY****0代號1725",1
"6F****0代號1726",1
"6F****8代號1727",1
"WY****1代號1728",1
"45****F代號1729",1
"6F****6代號1730",1
"16****V代號1731",1
"03****V代號1732",1
"37****E代號1733",1
"55****F代號1734",1
"5U****6代號1735",1
"16****U代號1736",1
"YM****1代號1737",1
"8G****8代號1738",1
"AF*****0代號1739",2
"WY****1代號1740",1
"98****D代號1741",1
"40****6代號1742",1
"17****B代號1743",1
"10****S代號1744",1
"69****V代號1745",1
"RA*****7代號1746",1
"AD*****1代號1747",1
"11***X代號1748",1
"69****W代號1749",1
"WY****6代號1750",1
"70****J代號1751",1
"6F****3代號1752",1
"X2****6代號1753",1
"AD*****8代號1754",1
"IZ****3代號1755",1
"77****T代號1756",1
"00****J代號1757",1
"WZ****2代號1758",1
"6F****7代號1759",1
"5B****1代號1760",1
"12****C代號1761",1
"BG****2代號1762",1
"AC*****9代號1763",1
"05****7代號1764",1
"PN****1代號1765",1
"WY****5代號1766",1
"37****A代號1767",1
"WY****2代號1768",1
"05****7代號1769",2
"95****B代號1770",1
"09****2代號1771",2
"QZ****5代號1772",1
"RI****5代號1773",2
"38****V代號1774",1
"3J****8代號1775",1
"21****G代號1776",1
"96****C代號1777",1
"95****T代號1778",1
"WY****6代號1779",1
"37****D代號1780",1
"15***U代號1781",1
"01***T代號1782",2
"18****S代號1783",1
"10****V代號1784",1
"29****S代號1785",1
"81****G代號1786",1
"PZ****2代號1787",1
"75****E代號1788",1
"31****V代號1789",1
"00****E代號1790",1
"8B****5代號1791",1
"50****Y代號1792",1
"9C****1代號1793",1
"AA*****5代號1794",2
"6F****0代號1795",1
"00****J代號1796",1
"6F****3代號1797",1
"81****J代號1798",1
"LM****5代號1799",1
"5G****2代號1800",1
"91****W代號1801",1
"19****V代號1802",1
"5G****8代號1803",1
"MH****2代號1804",1
"AA*****9代號1805",1
"AD*****0代號1806",1
"55****8代號1807",1
"82****D代號1808",1
"OB****3代號1809",1
"AD*****3代號1810",1
"38****C代號1811",1
"09****U代號1812",1
"31****F代號1813",1
"75****F代號1814",1
"04****X代號1815",1
"82****W代號1816",1
"71****F代號1817",1
"CZ****9代號1818",1
"IV****2代號1819",1
"AA*****7代號1820",1
"3J****3代號1821",1
"57****D代號1822",1
"GE****6代號1823",1
"18****U代號1824",1
"07****X代號1825",1
"6F****5代號1826",1
"06****V代號1827",1
"04****V代號1828",1
"9H****3代號1829",1
"14***5代號1830",1
"K6****1代號1831",1
"AA*****2代號1832",1
"6F****2代號1833",1
"PZ****5代號1834",1
"33****0代號1835",1
"L8****5代號1836",1
"39****F代號1837",1
"VV***8代號1838",2
"89****E代號1839",1
"6F****3代號1840",1
"AD*****2代號1841",1
"C3****0代號1842",1
"13****V代號1843",1
"6F****5代號1844",1
"6F****1代號1845",3
"6F****3代號1846",1
"06****2代號1847",2
"03****G代號1848",1
"VV***6代號1849",2
"06****X代號1850",1
"01****V代號1851",1
"99****S代號1852",1
"39****6代號1853",1
"3J****9代號1854",1
"6F****9代號1855",1
"18****S代號1856",1
"NY****0代號1857",1
"96****S代號1858",1
"30****N代號1859",1
"6F****1代號1860",1
"15****K代號1861",1
"WY****1代號1862",1
"16****Q代號1863",1
"27****T代號1864",1
"6F****6代號1865",1
"AA*****7代號1866",1
"WY****6代號1867",1
"CO****9代號1868",3
"22****J代號1869",1
"16****V代號1870",1
"6F****1代號1871",1
"20****B代號1872",1
"00****G代號1873",1
"J6****9代號1874",1
"6F****9代號1875",1
"71****B代號1876",1
"3J****6代號1877",1
"16****E代號1878",1
"RA*****9代號1879",2
"6F****9代號1880",2
"AD*****3代號1881",1
"07****2代號1882",1
"77****C代號1883",1
"22****2代號1884",1
"25****G代號1885",1
"65****S代號1886",1
"N2****0代號1887",1
"86****N代號1888",1
"6F****6代號1889",1
"GA****0代號1890",1
"62****F代號1891",1
"88****J代號1892",1
"26****T代號1893",2
"32****V代號1894",1
"25****D代號1895",1
"6F****6代號1896",1
"FL****8代號1897",1
"6F****2代號1898",2
"38****V代號1899",1
"PZ****9代號1900",2
"3J****6代號1901",1
"AA*****8代號1902",1
"18****V代號1903",1
"15****S代號1904",1
"22****Q代號1905",1
"AD*****0代號1906",1
"11***5代號1907",1
"35****U代號1908",1
"18****S代號1909",1
"PZ****9代號1910",1
"27****S代號1911",1
"6F****1代號1912",2
"58****C代號1913",1
"80****R代號1914",1
"XU****5代號1915",1
"86****V代號1916",1
"18****3代號1917",1
"28****G代號1918",1
"AA*****5代號1919",1
"VX***3代號1920",1
"02****7代號1921",1
"73****J代號1922",1
"VX***3代號1923",1
"TB****2代號1924",1
"6F****8代號1925",1
"96****G代號1926",1
"6F****3代號1927",1
"6F****5代號1928",1
"35****D代號1929",1
"6F****7代號1930",1
"6F****6代號1931",1
"52****E代號1932",1
"軍D*****6代號1933",1
"WY****1代號1934",1
"6F****8代號1935",1
"48****C代號1936",1
"18****D代號1937",1
"RA*****6代號1938",1
"2C****1代號1939",1
"PZ****3代號1940",1
"55****E代號1941",1
"88****V代號1942",1
"WY****8代號1943",1
"AD*****2代號1944",1
"30***H代號1945",1
"63****Q代號1946",1
"66****C代號1947",1
"PZ****6代號1948",1
"92****E代號1949",1
"6F****2代號1950",1
"99****W代號1951",1
"6F****5代號1952",1
"17****E代號1953",2
"83****G代號1954",1
"07****V代號1955",1
"93****V代號1956",1
"WY****6代號1957",1
"PZ****0代號1958",1
"PZ****8代號1959",1
"PZ****1代號1960",1
"03****X代號1961",1
"29****S代號1962",1
"34****Z代號1963",1
"75****X代號1964",1
"49****D代號1965",1
"59****A代號1966",1
"PB****6代號1967",1
"AD*****0代號1968",2
"WZ****9代號1969",1
"16****G代號1970",1
"71****S代號1971",1
"02****F代號1972",1
"BF****1代號1973",1
"10****W代號1974",1
"WY****8代號1975",1
"G9****0代號1976",1
"N8****6代號1977",1
"82****9代號1978",1
"6F****3代號1979",1
"6F****0代號1980",1
"PZ****6代號1981",1
"91****V代號1982",1
"51****G代號1983",1
"32****U代號1984",1
"03****7代號1985",1
"07****V代號1986",1
"90****X代號1987",1
"YD****1代號1988",1
"PZ****5代號1989",1
"6F****0代號1990",1
"11****V代號1991",1
"20****J代號1992",1
"6F****3代號1993",1
"6F****8代號1994",1
"PZ****7代號1995",1
"HV****8代號1996",1
"62****F代號1997",1
"6Q****1代號1998",1
"81****F代號1999",1
"YL****2代號2000",1
"YK****9代號2001",1
"AZ****8代號2002",1
"6D****9代號2003",1
"AD*****7代號2004",1
"GM****6代號2005",1
"WY****7代號2006",1
"43****9代號2007",1
"78****T代號2008",1
"WZ****1代號2009",1
"80****E代號2010",1
"軍D*****0代號2011",1
"WY****2代號2012",1
"66****W代號2013",1
"15****F代號2014",2
"37****B代號2015",1
"29****D代號2016",1
"18****V代號2017",1
"72****V代號2018",1
"WY****3代號2019",1
"12***5代號2020",1
"ZB****3代號2021",1
"57****T代號2022",1
"31***H代號2023",1
"87****A代號2024",1
"86****J代號2025",1
"54****A代號2026",1
"WY****2代號2027",1
"06****2代號2028",1
"7L****7代號2029",1
"6F****2代號2030",1
"5Q****3代號2031",1
"PZ****2代號2032",1
"L4****0代號2033",1
"08****C代號2034",1
"25****J代號2035",1
"6F****0代號2036",1
"LZ****5代號2037",1
"WZ****0代號2038",1
"31****Y代號2039",1
"AA*****6代號2040",1
"41****7代號2041",1
"73****G代號2042",1
"02****V代號2043",1
"3J****6代號2044",1
"AA*****7代號2045",1
"95****M代號2046",1
"25****S代號2047",1
"27****S代號2048",1
"07****2代號2049",1
"12****V代號2050",1
"29****S代號2051",1
"27****N代號2052",1
"WY****6代號2053",1
"86****W代號2054",1
"WY****0代號2055",1
"68****K代號2056",1
"24****D代號2057",1
"21****B代號2058",1
"08****X代號2059",1
"11****S代號2060",1
"PZ****7代號2061",1
"21****N代號2062",1
"18****D代號2063",1
"27****C代號2064",1
"10***U代號2065",1
"04****X代號2066",1
"6F****9代號2067",1
"65****F代號2068",1
"AY****0代號2069",1
"16****R代號2070",1
"AA*****9代號2071",1
"80***Y代號2072",1
"AA*****8代號2073",1
"86****U代號2074",1
"WY****2代號2075",1
"WY****0代號2076",1
"01****P代號2077",1
"6F****6代號2078",1
"AA****1代號2079",1
"77****W代號2080",1
"PZ****1代號2081",1
"51****W代號2082",1
"80****E代號2083",1
"PV****8代號2084",2
"WY****0代號2085",1
"6F****6代號2086",1
"WY****9代號2087",1
"26****W代號2088",1
"PZ****5代號2089",1
"6F****7代號2090",2
"86***G代號2091",1
"6F****1代號2092",1
"79****B代號2093",1
"31****K代號2094",1
"04****V代號2095",1
"56****B代號2096",1
"02****7代號2097",1
"5D****2代號2098",1
"AA*****5代號2099",1
"WW***3代號2100",1
"VU***9代號2101",1
"LD****6代號2102",1
"30****D代號2103",1
"3J****6代號2104",1
"00***5代號2105",1
"PZ****7代號2106",1
"6F****3代號2107",1
"2P****2代號2108",1
"02****T代號2109",1
"63****M代號2110",1
"BC****1代號2111",1
"51****K代號2112",1
"37****Q代號2113",1
"55****Y代號2114",1
"PZ****5代號2115",2
"PZ****6代號2116",1
"28****S代號2117",1
"AD*****9代號2118",1
"6F****0代號2119",1
"78****U代號2120",1
"11****S代號2121",1
"AD*****3代號2122",1
"VV***1代號2123",1
"14****V代號2124",1
"WY****6代號2125",1
"WY****2代號2126",1
"WZ****7代號2127",1
"6F****8代號2128",1
"AA*****6代號2129",2
"DW****5代號2130",1
"XW****0代號2131",1
"6F****5代號2132",1
"42****A代號2133",1
"3J****3代號2134",1
"51****B代號2135",1
"01****X代號2136",1
"5L****5代號2137",1
"PZ****8代號2138",1
"75****G代號2139",1
"WZ****8代號2140",2
"WY****0代號2141",1
"90****9代號2142",1
"03****X代號2143",1
"88****C代號2144",1
"FV****1代號2145",1
"Z6****2代號2146",1
"WY****5代號2147",1
"36****F代號2148",1
"PZ****5代號2149",1
"32***H代號2150",1
"04***J代號2151",1
"UL****2代號2152",1
"AA*****0代號2153",1
"T7****2代號2154",1
"18****B代號2155",1
"55****7代號2156",1
"30***H代號2157",1
"08***5代號2158",2
"65****V代號2159",1
"04****7代號2160",1
"02****E代號2161",1
"3J****1代號2162",1
"K8****6代號2163",1
"29****S代號2164",1
"PZ****3代號2165",1
"AA*****0代號2166",1
"LD****2代號2167",1
"81****K代號2168",1
"WZ****8代號2169",1
"73****A代號2170",1
"5K****5代號2171",1
"PZ****0代號2172",1
"6F****9代號2173",1
"6F****6代號2174",1
"22****W代號2175",1
"EZ****6代號2176",1
"AB*****2代號2177",1
"WY****7代號2178",1
"AD*****1代號2179",1
"6F****0代號2180",1
"85****T代號2181",2
"01***5代號2182",2
"15****G代號2183",1
"15****S代號2184",1
"VX***3代號2185",1
"71****D代號2186",1
"AG****1代號2187",1
"WY****5代號2188",1
"27****D代號2189",1
"AA*****6代號2190",1
"05****2代號2191",1
"WY****7代號2192",1
"6F****7代號2193",2
"6F****9代號2194",1
"71****W代號2195",1
"ZV****7代號2196",1
"PZ****2代號2197",1
"J5****7代號2198",1
"6F****6代號2199",1
"WY****9代號2200",1
"86****8代號2201",1
"73****J代號2202",1
"27****S代號2203",1
"MU****1代號2204",1
"AD*****1代號2205",1
"AD*****3代號2206",1
"09****X代號2207",1
"AD*****2代號2208",1
"93****6代號2209",1
"05****2代號2210",1
"50****T代號2211",1
"50****D代號2212",1
"03****2代號2213",1
"38****W代號2214",1
"29****K代號2215",1
"65****J代號2216",1
"YP****8代號2217",1
"82****5代號2218",1
"94****N代號2219",1
"PZ****3代號2220",1
"OX****1代號2221",1
"98****G代號2222",1
"PZ****6代號2223",1
"6F****1代號2224",1
"AD*****9代號2225",1
"YM****3代號2226",1
"57****G代號2227",1
"33****G代號2228",1
"6F****7代號2229",1
"WZ****5代號2230",1
"6F****8代號2231",1
"19****V代號2232",1
"94****2代號2233",1
"AC*****7代號2234",1
"6F****5代號2235",1
"70****U代號2236",1
"27****E代號2237",1
"89****F代號2238",1
"AA*****6代號2239",1
"WZ****3代號2240",1
"03****X代號2241",1
"61****E代號2242",2
"XN****8代號2243",1
"LB****8代號2244",1
"11****S代號2245",1
"23****U代號2246",1
"17****F代號2247",1
"38****V代號2248",1
"AC*****2代號2249",1
"PZ****9代號2250",1
"AD*****5代號2251",1
"WZ****8代號2252",1
"CK****0代號2253",1
"LM**8代號2254",1
"WY****6代號2255",1
"3J****2代號2256",1
"6F****8代號2257",1
"04****2代號2258",1
"WY****3代號2259",1
"VX***2代號2260",1
"M6****5代號2261",1
"AS****7代號2262",1
"11****E代號2263",1
"07****2代號2264",1
"18****V代號2265",1
"ON****5代號2266",1
"12****F代號2267",1
"W7****2代號2268",1
"PZ****8代號2269",1
"16****V代號2270",1
"75****D代號2271",1
"6F****1代號2272",1
"18***L代號2273",1
"AF*****1代號2274",1
"WY****6代號2275",1
"V4****5代號2276",1
"AA*****1代號2277",2
"66****C代號2278",1
"08****X代號2279",1
"WZ****5代號2280",1
"AA*****8代號2281",1
"20****S代號2282",1
"15****V代號2283",1
"27****Y代號2284",1
"3J****5代號2285",1
"WZ****2代號2286",1
"02***X代號2288",1
"16****V代號2289",1
"PZ****3代號2290",1
"06****2代號2291",1
"80****W代號2292",1
"14****V代號2293",1
"6F****8代號2294",1
"04****X代號2295",1
"6F****6代號2296",1
"38****W代號2297",1
"05****X代號2298",1
"07****V代號2299",1
"07****2代號2300",1
"XK****0代號2301",1
"19****S代號2302",1
"3E****3代號2303",1
"03****7代號2304",1
"BM****8代號2305",1
"19****E代號2306",1
"58***Q代號2307",1
"32****W代號2308",1
"2M****0代號2309",1
"51****W代號2310",1
"09****V代號2311",1
"36****C代號2312",1
"26****Z代號2313",1
"56****E代號2314",1
"WY****6代號2315",1
"6F****3代號2316",1
"WY****8代號2317",1
"05****7代號2318",1
"WW***6代號2319",1
"PZ****2代號2320",1
"31****G代號2321",1
"27****J代號2322",1
"AA*****9代號2323",1
"05****7代號2324",1
"85****T代號2325",1
"27****D代號2326",1
"22****S代號2327",1
"10****Z代號2328",1
"ZL****2代號2329",1
"WY****2代號2330",1
"65****C代號2331",1
"13****K代號2332",1
"42***D代號2333",1
"33****Z代號2334",1
"AA*****3代號2335",1
"06***5代號2336",1
"55****U代號2337",1
"PZ****2代號2338",1
"18****V代號2339",1
"24****3代號2340",1
"22****G代號2341",1
"A4***1代號2342",1
"38****B代號2343",1
"00****Z代號2344",2
"WY****0代號2345",1
"PZ****2代號2346",1
"67****T代號2347",1
"6F****7代號2348",1
"14****S代號2349",1
"25****F代號2350",1
"30****3代號2351",1
"PS****1代號2352",1
"H9****8代號2353",1
"21****F代號2354",1
"05****7代號2355",1
"81****D代號2356",1
"PZ****6代號2357",1
"10***N代號2358",1
"00****D代號2359",1
"VU***6代號2360",1
"YD****2代號2361",1
"6F****9代號2362",1
"6F****8代號2363",1
"AD*****3代號2364",1
"92****D代號2365",1
"6F****5代號2366",1
"01***J代號2367",1
"37****F代號2368",1
"WZ****2代號2369",1
"WY****3代號2370",1
"UK****1代號2371",1
"6F****1代號2372",1
"AD*****1代號2373",1
"98****V代號2374",1
"PZ****5代號2375",2
"04****X代號2376",1
"03****X代號2377",1
"7B****3代號2378",1
"08****X代號2379",1
"WY****0代號2380",1
"6F****5代號2381",1
"73****V代號2382",1
"83***G代號2383",1
"WY****6代號2384",1
"VX***0代號2385",2
"WY****0代號2386",1
"AA*****3代號2387",1
"10****S代號2388",1
"08****X代號2389",1
"70****U代號2390",1
"IU****8代號2391",1
"21****B代號2392",1
"PZ****9代號2393",1
"AA*****5代號2394",1
"PZ****0代號2395",1
"24****S代號2396",1
"K7****5代號2397",1
"16****V代號2398",1
"WZ****2代號2399",1
"LU****8代號2400",1
"06****X代號2401",1
"HS****0代號2402",1
"28****S代號2403",1
"EM****9代號2404",1
"39****X代號2405",1
"WY****2代號2406",1
"6F****0代號2407",1
"61****V代號2408",1
"07****V代號2409",1
"94****6代號2410",1
"89****T代號2411",1
"89****T代號2412",1
"53****J代號2413",2
"77****Z代號2414",1
"50****C代號2415",1
"20***U代號2416",1
"25****S代號2417",1
"06****V代號2418",1
"10****G代號2419",1
"10****G代號2420",1
"6F****9代號2421",1
"81****V代號2422",1
"NN****0代號2423",1
"6F****5代號2424",1
"05****2代號2425",1
"03****Z代號2426",1
"AD*****2代號2427",1
"MA****1代號2428",1
"06****2代號2429",1
"6F****5代號2430",2
"75****3代號2431",1
"82****R代號2432",1
"6F****8代號2433",1
"6F****6代號2434",1
"38****B代號2435",1
"20****V代號2436",2
"21****B代號2437",1
"6F****3代號2438",1
"WY****1代號2439",1
"D2****0代號2440",1
"PZ****7代號2441",1
"PZ****0代號2442",1
"BM****3代號2443",1
"08****V代號2444",1
"6F****6代號2445",1
"VX***9代號2446",1
"05****B代號2447",1
"04****V代號2448",1
"80****T代號2449",1
"3J****2代號2450",1
"28****S代號2451",1
"07****X代號2452",1
"08****2代號2453",1
"AA*****5代號2454",1
"R4****2代號2455",1
"31****E代號2456",1
"82****T代號2457",1
"AD*****9代號2458",1
"3J****2代號2459",1
"60****C代號2460",1
"PZ****1代號2461",1
"39****6代號2462",1
"15****V代號2463",1
"DS****9代號2464",1
"WY****0代號2465",1
"WZ****6代號2466",1
"03****V代號2467",1
"03***5代號2468",1
"5C****9代號2469",1
"AA*****0代號2470",1
"29****W代號2471",1
"OP****8代號2472",1
"6F****3代號2473",1
"38****B代號2474",1
"6F****0代號2475",1
"FK****2代號2476",1
"AD*****7代號2477",1
"6F****9代號2478",1
"86***G代號2479",1
"WZ****9代號2480",1
"6F****0代號2481",1
"PZ****5代號2482",1
"33****E代號2483",1
"03****W代號2484",1
"75****C代號2485",2
"WY****6代號2486",1
"PZ****1代號2487",1
"ZU****9代號2488",1
"17****G代號2489",1
"AD*****8代號2490",1
"PZ****2代號2491",1
"47****A代號2492",1
"6F****8代號2493",1
"13****S代號2494",1
"89****B代號2495",1
"AA*****6代號2496",1
"01****X代號2497",1
"26****Z代號2498",1
"02****7代號2499",1
"PZ****2代號2500",1
"03****G代號2501",1
"6F****9代號2502",1
"5E****6代號2503",1
"48****F代號2504",1
"6F****8代號2505",1
"N6****0代號2506",1
"27****F代號2507",1
"YM****5代號2508",1
"A2****6代號2509",1
"05****7代號2510",1
"AD*****6代號2511",1
"36****F代號2512",1
"06****K代號2513",1
"78****F代號2514",1
"67****Z代號2515",1
"MF****1代號2516",1
"9H****1代號2517",1
"72****U代號2518",1
"YD****7代號2519",1
"69****U代號2520",1
"32****F代號2521",1
"WZ****7代號2522",1
"6F****0代號2523",1
"6F****3代號2524",1
"86****K代號2525",1
"AA*****2代號2526",1
"59****Y代號2527",1
"15****K代號2528",1
"WZ****3代號2529",1
"AA*****2代號2530",2
"AA*****5代號2531",1
"6F****9代號2532",1
"BP****6代號2533",1
"6F****7代號2534",1
"66****D代號2535",1
"11****F代號2536",1
"09***5代號2537",1
"G9****8代號2538",1
"62****B代號2539",1
"53****F代號2540",1
"39****B代號2541",1
"15***5代號2542",1
"07****V代號2543",1
"6F****9代號2544",1
"6F****6代號2545",1
"97****T代號2546",1
"6F****6代號2547",1
"08****7代號2548",1
"RA*****9代號2549",1
"DT****6代號2550",1
"08****2代號2551",1
"59****W代號2552",1
"6F****8代號2553",1
"67****V代號2554",1
"03***L代號2555",1
"PZ****2代號2556",1
"Z9****3代號2557",1
"K8****5代號2558",1
"9F****5代號2559",1
"23****U代號2560",1
"75****U代號2561",1
"CX****3代號2562",2
"6F****9代號2563",1
"NR****2代號2564",1
"37****Y代號2565",1
"AC*****5代號2566",1
"11****W代號2567",1
"6F****5代號2568",1
"AD*****8代號2569",1
"39****6代號2570",1
"09****V代號2571",2
"6F****9代號2572",1
"06****7代號2573",1
"6F****2代號2574",1
"81****B代號2575",2
"91****T代號2576",1
"8T****0代號2577",1
"6F****8代號2578",1
"31***H代號2579",1
"40****V代號2580",1
"02****X代號2581",1
"6F****6代號2582",1
"6F****1代號2583",1
"HF****1代號2584",1
"AD*****0代號2585",1
"CV****2代號2586",1
"6F****7代號2587",2
"6F****9代號2588",1
"VU***9代號2589",1
"PZ****6代號2590",1
"6F****3代號2591",1
"22****C代號2592",1
"73****Z代號2593",1
"00****A代號2594",1
"53****F代號2595",1
"AD*****9代號2596",1
"60****A代號2597",1
"6J****2代號2598",1
"BK****2代號2599",1
"WY****1代號2600",1
"59****K代號2601",1
"09****V代號2602",1
"77****V代號2603",1
"54****7代號2604",1
"RA*****3代號2605",1
"BE****5代號2606",1
"6F****2代號2607",1
"90****D代號2608",1
"ZX****0代號2609",1
"Z7****9代號2610",1
"31****H代號2611",1
"XH****8代號2612",1
"06****X代號2613",1
"CG****8代號2614",1
"6F****7代號2615",1
"05****E代號2616",1
"33***H代號2617",1
"06****Z代號2618",1
"03****9代號2619",1
"PR****3代號2620",1
"6F****8代號2621",1
"3J****3代號2622",1
"HU****7代號2623",1
"6F****9代號2624",1
"WZ****3代號2625",1
"6F****6代號2626",1
"76****C代號2627",1
"HX****9代號2628",1
"67****J代號2629",1
"6F****1代號2630",1
"27****F代號2631",1
"19****N代號2632",1
"CB****1代號2633",1
"01****X代號2634",1
"3J****0代號2635",1
"H2****0代號2636",1
"AB*****1代號2637",1
"GR****3代號2638",1
"PZ****5代號2639",1
"28****V代號2640",1
"AF*****2代號2641",1
"XJ****9代號2642",1
"ZR****3代號2643",1
"86****F代號2644",1
"19****V代號2645",1
"99****H代號2646",1
"53****D代號2647",1
"AA*****1代號2648",1
"79****G代號2649",1
"00****W代號2650",1
"6F****9代號2651",1
"H4****2代號2652",1
"71****E代號2653",1
"53***R代號2654",1
"WW***0代號2655",1
"WY****2代號2656",1
"05****Z代號2657",1
"WZ****5代號2658",1
"HP****5代號2659",1
"AF*****8代號2660",1
"VV***8代號2661",1
"6F****2代號2662",1
"66****L代號2663",1
"89****B代號2664",1
"56****G代號2665",1
"03****V代號2666",1
"51****D代號2667",1
"77****R代號2668",1
"07****V代號2669",1
"VU***6代號2670",1
"WZ****6代號2671",1
"NV****7代號2672",1
"80****J代號2673",1
"02****T代號2674",1
"AD*****6代號2675",1
"PZ****3代號2676",1
"YL****0代號2677",1
"T8****2代號2678",1
"12****S代號2679",1
"WY****3代號2680",2
"ZD****2代號2681",1
"NM****5代號2682",1
"QU****6代號2683",1
"29****D代號2684",1
"9F****2代號2685",1
"AG*****2代號2686",1
"XA****7代號2687",1
"97****T代號2688",1
"CN****8代號2689",1
"57****J代號2690",1
"PZ****5代號2691",1
"XD****6代號2692",1
"18***5代號2693",1
"U6****9代號2694",1
"AD*****9代號2695",1
"WY****7代號2696",1
"6F****6代號2697",1
"AA*****5代號2698",1
"00****X代號2699",2
"AA*****8代號2700",1
"69****B代號2701",1
"15****B代號2702",1
"AA*****7代號2703",1
"23****W代號2704",1
"6F****9代號2705",1
"95****X代號2706",1
"VW****5代號2707",1
"AD*****2代號2708",1
"17****S代號2709",1
"8L****5代號2710",1
"6F****3代號2711",1
"7N****2代號2712",1
"14****S代號2713",1
"05****2代號2714",1
"Z7****5代號2715",1
"71****T代號2716",1
"6F****3代號2717",1
"80****T代號2718",1
"06****Z代號2719",1
"77****C代號2720",1
"17****8代號2721",1
"79****C代號2722",1
"PZ****8代號2723",1
"AA*****8代號2724",1
"13****S代號2725",1
"6F****1代號2726",1
"02****X代號2727",1
"13****Z代號2728",1
"78****F代號2729",1
"19***5代號2730",1
"WZ****7代號2731",1
"PZ****7代號2732",1
"23****S代號2733",1
"08****V代號2734",1
"WZ****2代號2735",1
"00****J代號2736",1
"PZ****9代號2737",1
"HA****8代號2738",1
"51****X代號2739",1
"38****G代號2740",1
"AD*****9代號2741",2
"99****U代號2742",1
"17****R代號2743",1
"89****A代號2744",1
"03****X代號2745",1
"07****W代號2746",1
"VU***1代號2747",1
"AA*****5代號2748",1
"RS****5代號2749",1
"16****C代號2750",1
"05****7代號2751",2
"15***5代號2752",1
"07****2代號2753",1
"69****A代號2754",1
"NM****8代號2755",1
"08****Z代號2756",2
"08****X代號2757",1
"6F****2代號2758",1
"60****C代號2759",1
"63****G代號2760",1
"26****S代號2761",1
"6F****7代號2762",1
"23****K代號2763",1
"03****2代號2764",1
"18****B代號2765",1
"07****T代號2766",1
"78****G代號2767",1
"61****V代號2768",1
"AA*****2代號2769",1
"WY****2代號2770",1
"06****V代號2771",1
"79****W代號2772",1
"09****B代號2773",1
"65****D代號2774",1
"53****Z代號2775",1
"83****Z代號2776",1
"06****V代號2777",1
"28****X代號2778",1
"6F****7代號2779",1
"09****2代號2780",1
"10****Y代號2781",1
"33****D代號2782",1
"21****S代號2783",1
"61****K代號2784",1
"AC*****0代號2785",1
"10****S代號2786",1
"6F****5代號2787",1
"GD****0代號2788",1
"HF****3代號2789",1
"WZ****9代號2790",1
"28****Y代號2791",1
"M7****6代號2792",1
"66****J代號2793",1
"P3****6代號2794",1
"14****S代號2795",1
"16****S代號2796",1
"06****V代號2797",1
"9F****8代號2798",1
"22****T代號2799",1
"38****W代號2800",1
"73****G代號2801",1
"WZ****1代號2802",1
"03****F代號2803",1
"92****Z代號2804",1
"WZ****0代號2805",1
"CS****2代號2806",1
"68****H代號2807",1
"18****Z代號2808",1
"33****Z代號2809",1
"AA*****2代號2810",1
"PZ****5代號2811",1
"62****K代號2812",1
"46****S代號2813",1
"73****E代號2814",1
"S8****5代號2815",1
"AF*****0代號2816",1
"06****Z代號2817",1
"3M****7代號2818",1
"77****E代號2819",1
"05****2代號2820",1
"66****K代號2822",1
"WY****2代號2823",1
"AD*****3代號2824",1
"66****P代號2825",1
"WY****6代號2826",1
"6F****6代號2827",1
"63****F代號2828",1
"07***5代號2829",1
"02****V代號2830",1
"AG*****0代號2831",1
"H5****8代號2832",1
"AD*****2代號2833",1
"11****V代號2834",1
"38****C代號2835",1
"38****Z代號2836",1
"AD*****5代號2837",1
"07****U代號2838",1
"11****F代號2839",1
"26****W代號2840",1
"PZ****8代號2841",1
"AA*****5代號2842",1
"01****X代號2843",1
"AC*****2代號2844",1
"56****M代號2845",1
"17****Z代號2846",1
"08****X代號2847",1
"H4****5代號2848",1
"MF****0代號2849",1
"WZ****5代號2850",1
"OB****5代號2851",1
"50****V代號2852",1
"R7****2代號2853",1
"AF*****6代號2854",1
"PZ****9代號2855",1
"88****V代號2856",1
"PZ****5代號2857",1
"PZ****5代號2858",1
"17****V代號2859",2
"42****Z代號2860",1
"61****F代號2861",1
"39****6代號2862",1
"53****A代號2863",1
"85****K代號2864",1
"WZ****2代號2865",1
"PZ****0代號2866",1
"39****6代號2867",1
"VU***0代號2868",1
"22****J代號2869",1
"92****F代號2870",1
"39****D代號2871",1
"66****U代號2872",1
"PZ****0代號2873",1
"06****7代號2874",1
"PZ****8代號2875",1
"51****W代號2876",1
"16****E代號2877",1
"31****F代號2878",1
"09****X代號2879",1
"VD****9代號2880",1
"12****P代號2881",1
"AD*****3代號2882",1
"88****W代號2883",1
"AA*****1代號2884",1
"81****F代號2885",1
"AC*****8代號2886",2
"38****T代號2887",1
"71****V代號2888",1
"18****A代號2889",1
"ZK****3代號2890",1
"73****V代號2891",1
"84****J代號2892",1
"K6****9代號2893",1
"06****J代號2894",1
"PZ****5代號2895",1
"25****B代號2896",1
"03****G代號2897",2
"16****V代號2898",1
"G8****9代號2899",1
"75****D代號2900",1
"WY****3代號2901",1
"09****V代號2902",1
"41****P代號2903",1
"60****C代號2904",1
"56****G代號2905",1
"PZ****1代號2906",1
"90****M代號2907",1
"06****7代號2908",1
"28****R代號2909",1
"97****V代號2910",1
"43****W代號2911",1
"78****J代號2912",1
"6F****8代號2913",1
"PZ****3代號2914",1
"WZ****3代號2915",1
"6F****5代號2916",1
"6F****8代號2917",1
"10***L代號2918",1
"06***5代號2919",1
"21****E代號2920",1
"6F****6代號2921",1
"04****7代號2922",1
"76****R代號2923",1
"WZ****8代號2924",1
"76****K代號2925",1
"VN****1代號2926",1
"VU***8代號2927",1
"DR****2代號2928",1
"WZ****1代號2929",1
"53****U代號2930",1
"N8****5代號2931",1
"72****Z代號2932",1
"42****A代號2933",1
"AA*****8代號2934",1
"AF*****6代號2935",1
"15****H代號2936",1
"AA*****0代號2937",1
"02***U代號2938",1
"03***R代號2939",1
"6F****9代號2940",1
"PZ****3代號2941",1
"19****V代號2942",1
"WW****7代號2943",1
"6A****8代號2944",1
"55****Q代號2945",1
"55****Z代號2946",1
"36****5代號2947",1
"6F****3代號2948",1
"92****J代號2949",1
"25****V代號2950",1
"OH****5代號2951",1
"95****C代號2952",1
"29****E代號2953",1
"33****T代號2954",1
"16****E代號2955",1
"6F****6代號2956",1
"PZ****6代號2957",1
"66****9代號2958",1
"26****J代號2959",1
"6F****9代號2960",1
"AA*****7代號2961",1
"98****W代號2962",1
"WY****9代號2963",1
"6F****1代號2964",1
"VD****8代號2965",1
"01****G代號2966",1
"19****A代號2967",1
"WY****2代號2968",1
"65****U代號2969",1
"26****C代號2970",1
"33****J代號2971",1
"77****D代號2972",1
"AA*****3代號2973",1
"6T****3代號2974",1
"PZ****1代號2975",1
"6F****9代號2976",1
"6F****9代號2977",1
"PZ****8代號2978",1
"37****G代號2979",1
"22****F代號2980",1
"51***Q代號2981",1
"23****S代號2982",1
"AD*****9代號2983",1
"6F****8代號2984",1
"PZ****8代號2985",1
"AA****6代號2986",1
"6F****2代號2987",1
"6F****8代號2988",1
"WZ****1代號2989",1
"80****Y代號2990",1
"WZ****3代號2991",1
"6F****7代號2992",1
"AA*****8代號2993",1
"31****D代號2994",1
"PZ****9代號2995",1
"WY****8代號2996",1
"33****B代號2997",1
"G9****0代號2998",1
"67****G代號2999",1
"01****2代號3000",1
"AA*****2代號3001",1
"AA*****2代號3002",1
"PZ****6代號3003",1
"10****S代號3004",1
"10****3代號3005",1
"43****R代號3006",1
"WY****3代號3007",1
"OX****8代號3008",1
"77****V代號3009",1
"27****S代號3010",1
"02****V代號3011",1
"PZ****5代號3012",1
"6F****8代號3013",1
"25****V代號3014",1
"00****V代號3015",1
"21****H代號3016",1
"16****H代號3017",1
"70****F代號3018",1
"RA*****0代號3019",1
"99****V代號3020",1
"18****D代號3021",1
"08****V代號3022",1
"WY****6代號3023",1
"73****L代號3024",2
"ZF****5代號3025",1
"00***J代號3026",1
"6F****5代號3027",1
"6F****0代號3028",1
"CJ****3代號3029",1
"6F****7代號3030",1
"38****G代號3031",1
"6F****2代號3032",1
"6F****5代號3033",1
"AF*****6代號3034",1
"75****Z代號3035",1
"01****7代號3036",1
"59****A代號3037",1
"67****T代號3038",1
"67****J代號3039",1
"46****F代號3040",1
"ZL****7代號3041",1
"99****W代號3042",1
"6F****3代號3043",1
"AB*****1代號3044",1
"07****2代號3045",1
"WZ****1代號3046",1
"AA*****3代號3047",1
"68****Z代號3048",1
"71****S代號3049",1
"WY****8代號3050",1
"WY****5代號3051",1
"CD****2代號3052",1
"71****K代號3053",1
"01****7代號3054",1
"59****H代號3055",1
"70****C代號3056",1
"30****H代號3057",1
"F9****5代號3058",1
"17****C代號3059",1
"71****E代號3060",1
"23****U代號3061",1
"AA*****7代號3062",1
"PZ****3代號3063",1
"13***5代號3064",1
"04****2代號3065",1
"WY****5代號3066",1
"6F****8代號3067",1
"53****J代號3068",1
"AA*****6代號3069",1
"L3****1代號3070",1
"30****V代號3071",1
"J4****1代號3072",1
"PZ****9代號3073",1
"11****M代號3074",1
"09****2代號3075",1
"05****S代號3076",1
"6G****3代號3077",1
"MB****7代號3078",1
"76****H代號3079",1
"07****F代號3080",1
"69****V代號3081",1
"AD*****2代號3082",1
"51****M代號3083",1
"TE****9代號3084",1
"35****B代號3085",1
"6F****8代號3086",1
"38****P代號3087",1
"E3****8代號3088",1
"WZ****0代號3089",1
"21****J代號3090",1
"WZ****6代號3091",1
"91***2代號3092",1
"61****U代號3093",1
"VV***7代號3094",1
"YH****2代號3095",1
"88****H代號3096",1
"99****Q代號3097",1
"00****B代號3098",1
"33****U代號3099",1
"19****8代號3100",1
"PZ****7代號3101",1
"27****L代號3102",1
"03****H代號3103",1
"04****X代號3104",1
"P8****0代號3105",1
"46****P代號3106",1
"29****S代號3107",1
"WY****0代號3108",1
"98****C代號3109",1
"29****E代號3110",1
"79****B代號3111",1
"GA****8代號3112",1
"12****2代號3113",1
"VN****7代號3114",1
"PZ****2代號3115",1
"17***J代號3116",1
"05****X代號3117",1
"6F****9代號3118",1
"FA****8代號3119",1
"92****F代號3120",1
"PZ****0代號3121",1
"51****C代號3122",1
"AA*****6代號3123",1
"AD*****9代號3124",1
"65****X代號3125",1
"97****U代號3126",1
"M6****6代號3127",1
"6F****3代號3128",1
"51****V代號3129",1
"AD*****2代號3130",1
"PZ****7代號3131",1
"86****Z代號3132",1
"04****X代號3133",1
"12****U代號3134",1
"LW****7代號3135",1
"AF*****7代號3136",1
"19****F代號3137",1
"08****2代號3138",1
"30****J代號3139",1
"ZG****6代號3140",1
"09****K代號3141",1
"09****A代號3142",1
"WY****3代號3143",1
"91****B代號3144",1
"96****9代號3145",1
"10****Z代號3146",1
"CK****8代號3147",1
"39****W代號3148",1
"07****V代號3149",1
"03****2代號3150",1
"YJ****7代號3151",1
"PZ****0代號3152",1
"20****F代號3153",1
"WZ****3代號3154",1
"AA*****3代號3155",1
"0B****6代號3156",1
"2R****6代號3157",1
"13****S代號3158",1
"27****S代號3159",1
"55***Q代號3160",1
"17****Y代號3161",1
"VU***9代號3162",1
"22****A代號3163",1
"HC****2代號3164",1
"11****K代號3165",1
"WY****8代號3166",1
"DV****0代號3167",1
"28****J代號3168",1
"38****C代號3169",1
"PZ****5代號3170",1
"17****S代號3171",1
"AA*****0代號3172",1
"78****J代號3173",1
"WY****5代號3174",1
"86****K代號3175",1
"61****U代號3176",1
"8M****1代號3177",1
"81****G代號3178",1
"AD*****2代號3179",1
"AF*****8代號3180",1
"75****U代號3181",1
"59***Q代號3182",1
"WZ****0代號3183",1
"06****7代號3184",1
"WZ****2代號3185",1
"90****L代號3186",1
"29****A代號3187",1
"22****S代號3188",1
"25****A代號3189",1
"RA*****1代號3190",1
"01***R代號3191",1
"06****A代號3192",1
"AA*****7代號3193",1
"86****J代號3194",1
"13***5代號3195",1
"PZ****6代號3196",1
"PZ****3代號3197",1
"PZ****6代號3198",1
"93****B代號3199",1
"6F****3代號3200",1
"WY****5代號3201",1
"76****K代號3202",1
"08****A代號3203",1
"05****X代號3204",1
"27****U代號3205",1
"30****F代號3206",1
"07****Z代號3207",1
"09****X代號3208",1
"05****V代號3209",1
"6F****0代號3210",1
"6F****8代號3211",1
"PZ****1代號3212",1
"01****7代號3213",1
"93****F代號3214",1
"50****A代號3215",1
"85****E代號3216",1
"RA*****6代號3217",1
"N9****2代號3218",1
"TK****9代號3219",1
"Z6****9代號3220",1
"07****2代號3221",1
"6F****6代號3222",1
"39****6代號3223",1
"97****F代號3224",1
"92****7代號3225",1
"76****Z代號3226",1
"25****S代號3227",1
"WZ****6代號3228",1
"17****H代號3229",1
"PZ****3代號3230",1
"13****V代號3231",1
"3J****0代號3232",1
"CK****3代號3233",1
"6F****0代號3234",1
"DE****0代號3235",1
"6F****2代號3236",1
"35****H代號3237",1
"RE****2代號3238",1
"6F****8代號3239",1
"75****Z代號3240",1
"WW***1代號3241",1
"A3****1代號3242",1
"HC****0代號3243",1
"NK****5代號3244",1
"PZ****3代號3245",1
"21****V代號3246",1
"81****H代號3247",1
"6F****9代號3248",1
"WZ****2代號3249",1
"06****2代號3250",1
"WZ****5代號3251",1
"6F****8代號3252",1
"6F****6代號3253",1
"89****D代號3254",1
"00****V代號3255",1
"6F****5代號3256",1
"36****C代號3257",1
"AF*****1代號3258",1
"05****V代號3259",1
"60****F代號3260",1
"01****7代號3261",1
"04****2代號3262",1
"27****C代號3263",1
"79****W代號3264",1
"WZ****3代號3265",1
"28****H代號3266",1
"B3****5代號3267",1
"31****Z代號3268",1
"6F****2代號3269",1
"6F****0代號3270",1
"32***H代號3271",1
"30****P代號3272",1
"65****U代號3273",1
"77****Z代號3274",1
"AA*****9代號3275",1
"09****A代號3276",1
"21****S代號3277",1
"CG****1代號3278",1
"97****B代號3279",1
"WZ****2代號3280",1
"EC****3代號3281",1
"04****X代號3282",1
"08****V代號3283",1
"62****K代號3284",1
"39****M代號3285",1
"AK*****0代號3286",1
"18****Q代號3287",1
"96****T代號3288",1
"21****D代號3289",1
"6F****8代號3290",1
"28****H代號3291",1
"66****H代號3292",1
"8F****1代號3293",1
"39****G代號3294",1
"39****C代號3295",1
"39****U代號3296",1
"60****Z代號3297",1
"20****S代號3298",1
"VU***6代號3299",1
"HL****1代號3300",1
"WY****2代號3301",1
"WZ****5代號3302",1
"21****S代號3303",1
"VX***0代號3304",1
"AA*****3代號3305",1
"16****V代號3306",1
"3J****5代號3307",1
"35****G代號3308",1
"6S****1代號3309",1
"96****C代號3310",1
"06****V代號3311",1
"09****2代號3312",1
"85****D代號3313",1
"13****T代號3314",1
"26****U代號3315",1
"6F****8代號3316",1
"42****G代號3317",1
"WY****5代號3318",1
"NH****9代號3319",1
"AW****6代號3320",1
"86****R代號3321",1
"08****Z代號3322",1
"20****T代號3323",1
"02***J代號3324",1
"6F****8代號3325",1
"CG****7代號3326",1
"AA*****7代號3327",1
"H7****6代號3328",1
"25****F代號3329",1
"61****D代號3330",1
"6F****5代號3331",1
"AA*****5代號3332",1
"AA*****1代號3333",1
"H3****9代號3334",1
"AD*****9代號3335",1
"18****V代號3336",1
"90****D代號3337",1
"5H****1代號3338",1
"52****P代號3339",1
"71****P代號3340",1
"28****T代號3341",1
"06****Z代號3342",1
"H5****6代號3343",1
"EZ****8代號3344",1
"63****B代號3345",1
"PZ****6代號3346",1
"05****X代號3347",1
"AG*****9代號3348",1
"K2****2代號3349",1
"60****D代號3350",1
"M7****6代號3351",1
"AF*****8代號3352",1
"31***H代號3353",1
"07****X代號3354",1
"25****V代號3355",1
"AF*****1代號3356",1
"J9****6代號3357",1
"98****L代號3358",1
"48****B代號3359",1
"WZ****5代號3360",1
"6F****5代號3361",1
"30****N代號3362",1
"CU****5代號3363",1
"82****U代號3364",1
"48****D代號3365",1
"06****V代號3366",1
"84****9代號3367",1
"01****F代號3368",1
"07****2代號3369",1
"07****J代號3370",1
"39****6代號3371",1
"55****J代號3372",1
"WZ****0代號3373",1
"29****Z代號3374",1
"04****X代號3375",1
"30****S代號3376",1
"83****U代號3377",1
"76****R代號3378",1
"78****A代號3379",1
"WY****1代號3380",1
"6F****7代號3381",1
"WZ****8代號3382",1
"25****S代號3383",1
"51****A代號3384",1
"AF*****1代號3385",1
"LL***1代號3386",1
"VU***3代號3387",1
"60****L代號3388",1
"LV****0代號3389",1
"10****H代號3390",1
"29****E代號3391",1
"33****K代號3392",1
"WY****0代號3393",1
"05****X代號3394",1
"36****B代號3395",1
"D7****0代號3396",1
"AA*****3代號3397",1
"18****J代號3398",1
"61****B代號3399",1
"06****7代號3400",1
"57****L代號3401",1
"D5****3代號3402",1
"92****U代號3403",1
"WY****5代號3404",1
"37****W代號3405",1
"AD*****1代號3406",1
"6F****7代號3407",1
"35****P代號3408",1
"17****S代號3409",1
"6F****9代號3410",1
"09****2代號3411",1
"AA*****1代號3412",1
"20****S代號3413",1
"KT****5代號3414",1
"6F****6代號3415",1
"16****U代號3416",1
"VU***8代號3417",1
"02****X代號3418",1
"13****A代號3419",1
"Q7****9代號3420",1
"98****M代號3421",1
"AF*****5代號3422",1
"9B****6代號3423",1
"3J****8代號3424",1
"WY****9代號3425",1
"EX****6代號3426",1
"36****G代號3427",1
"WY****2代號3428",1
"63****H代號3429",1
"30****E代號3430",1
"6F****0代號3431",1
"6F****7代號3432",1
"WY****5代號3433",1
"PZ****0代號3434",1
"36****U代號3435",1
"87****N代號3436",1
"58****A代號3437",1
"25****V代號3438",1
"90****U代號3439",1
"WY****6代號3440",1
"06****G代號3441",1
"36****D代號3442",1
"38****Z代號3443",1
"AA*****8代號3444",1
"15****U代號3445",1
"01****X代號3446",1
"69****V代號3447",1
"42****7代號3448",1
"37****A代號3449",1
"6F****6代號3450",1
"39****6代號3451",1
"08****2代號3452",1
"S8****5代號3453",1
"03***L代號3454",1
"NJ****7代號3455",1
"BE****8代號3456",1
"PZ****9代號3457",1
"17****V代號3458",1
"69****Z代號3459",1
"WZ****9代號3460",1
"87****N代號3461",1
"CL****5代號3462",1
"23****E代號3463",1
"RA*****2代號3464",1
"PK****5代號3465",1
"67****T代號3466",1
"PZ****0代號3467",1
"CX****9代號3468",1
"12****E代號3469",1
"WY****5代號3470",1
"PZ****5代號3471",1
"81****C代號3472",1
"WY****6代號3473",1
"6F****0代號3474",1
"AD*****3代號3475",1
"AF*****7代號3476",1
"8G****6代號3477",1
"VW****5代號3478",1
"08****V代號3479",1
"49****A代號3480",1
"L7****6代號3481",1
"6F****7代號3482",1
"60****D代號3483",1
"97****J代號3484",1
"61****U代號3485",1
"08****2代號3486",1
"AF*****6代號3487",1
"PZ****1代號3488",1
"PZ****6代號3489",1
"62****L代號3490",1
"17***L代號3491",1
"77****G代號3492",1
"BG****6代號3493",1
"62****Z代號3494",1
"50****Y代號3495",1
"06****X代號3496",1
"35****J代號3497",1
"6F****7代號3498",1
"VU***3代號3499",1
"98****S代號3500",1
"WY****0代號3501",1
"BA****2代號3502",1
"81****G代號3503",1
"IW****9代號3504",1
"38****D代號3505",1
"DS****6代號3506",1
"59****Q代號3507",1
"OA****0代號3508",1
"F3****8代號3509",1
"52****S代號3510",1
"6F****0代號3511",1
"20****U代號3512",1
"AF*****2代號3513",1
"55****W代號3514",1
"JY****7代號3515",1
"85****E代號3516",1
"F6****1代號3517",1
"10****X代號3518",1
"WY****8代號3519",1
"49****2代號3520",1
"17****A代號3521",1
"20****H代號3522",1
"WY****0代號3523",1
"95****H代號3524",1
"AF*****5代號3525",1
"53****U代號3526",1
"26****S代號3527",1
"AF*****5代號3528",1
"ZV****9代號3529",1
